{
  "id": "2989163",
  "name": " ",
  "font_family": "iconfont",
  "css_prefix_text": "icon-",
  "description": "",
  "glyphs": [
    {
      "icon_id": "595345",
      "name": "店铺",
      "font_class": "dianpu",
      "unicode": "e603",
      "unicode_decimal": 58883
    },
    {
      "icon_id": "3304125",
      "name": "会员中心",
      "font_class": "huiyuanzhongxin",
      "unicode": "e64e",
      "unicode_decimal": 58958
    },
    {
      "icon_id": "3663940",
      "name": "外卖",
      "font_class": "hanbao",
      "unicode": "e620",
      "unicode_decimal": 58912
    },
    {
      "icon_id": "7872850",
      "name": "设置",
      "font_class": "shezhi",
      "unicode": "e643",
      "unicode_decimal": 58947
    },
    {
      "icon_id": "11111018",
      "name": "收银统计",
      "font_class": "shouyintongji",
      "unicode": "e680",
      "unicode_decimal": 59008
    }
  ]
}
